P_Name,Label
pic-72.jpg,With Mask
pic-66.jpg,With Mask
pic-99.jpg,With Mask
pic-449.jpg,With Mask
pic-307.jpg,With Mask
pic-461.jpg,With Mask
pic-475.jpg,With Mask
pic-313.jpg,With Mask
pic-688.jpg,With Mask
pic-139.jpg,With Mask
pic-663.jpg,With Mask
pic-105.jpg,With Mask
pic-111.jpg,With Mask
pic-677.jpg,With Mask
pic-298.jpg,With Mask
pic-529.jpg,With Mask
pic-273.jpg,With Mask
pic-515.jpg,With Mask
pic-501.jpg,With Mask
pic-267.jpg,With Mask
pic-500.jpg,With Mask
pic-266.jpg,With Mask
pic-272.jpg,With Mask
pic-514.jpg,With Mask
pic-528.jpg,With Mask
pic-299.jpg,With Mask
pic-110.jpg,With Mask
pic-676.jpg,With Mask
pic-662.jpg,With Mask
pic-104.jpg,With Mask
pic-138.jpg,With Mask
pic-689.jpg,With Mask
pic-474.jpg,With Mask
pic-312.jpg,With Mask
pic-306.jpg,With Mask
pic-460.jpg,With Mask
pic-448.jpg,With Mask
pic-98.jpg,With Mask
pic-67.jpg,With Mask
pic-73.jpg,With Mask
pic-489.jpg,With Mask
pic-59.jpg,With Mask
pic-65.jpg,With Mask
pic-71.jpg,With Mask
pic-338.jpg,With Mask
pic-310.jpg,With Mask
pic-476.jpg,With Mask
pic-462.jpg,With Mask
pic-304.jpg,With Mask
pic-648.jpg,With Mask
pic-674.jpg,With Mask
pic-112.jpg,With Mask
pic-106.jpg,With Mask
pic-660.jpg,With Mask
pic-258.jpg,With Mask
pic-264.jpg,With Mask
pic-502.jpg,With Mask
pic-516.jpg,With Mask
pic-270.jpg,With Mask
pic-517.jpg,With Mask
pic-271.jpg,With Mask
pic-265.jpg,With Mask
pic-503.jpg,With Mask
pic-259.jpg,With Mask
pic-107.jpg,With Mask
pic-661.jpg,With Mask
pic-675.jpg,With Mask
pic-113.jpg,With Mask
pic-649.jpg,With Mask
pic-463.jpg,With Mask
pic-305.jpg,With Mask
pic-311.jpg,With Mask
pic-477.jpg,With Mask
pic-339.jpg,With Mask
pic-70.jpg,With Mask
pic-64.jpg,With Mask
pic-58.jpg,With Mask
pic-488.jpg,With Mask
pic-60.jpg,With Mask
pic-74.jpg,With Mask
pic-498.jpg,With Mask
pic-48.jpg,With Mask
pic-473.jpg,With Mask
pic-315.jpg,With Mask
pic-301.jpg,With Mask
pic-8.jpg,With Mask
pic-467.jpg,With Mask
pic-329.jpg,With Mask
pic-117.jpg,With Mask
pic-671.jpg,With Mask
pic-665.jpg,With Mask
pic-103.jpg,With Mask
pic-659.jpg,With Mask
pic-507.jpg,With Mask
pic-261.jpg,With Mask
pic-275.jpg,With Mask
pic-513.jpg,With Mask
pic-249.jpg,With Mask
pic-248.jpg,With Mask
pic-274.jpg,With Mask
pic-512.jpg,With Mask
pic-506.jpg,With Mask
pic-260.jpg,With Mask
pic-658.jpg,With Mask
pic-664.jpg,With Mask
pic-102.jpg,With Mask
pic-116.jpg,With Mask
pic-670.jpg,With Mask
pic-328.jpg,With Mask
pic-9.jpg,With Mask
pic-300.jpg,With Mask
pic-466.jpg,With Mask
pic-472.jpg,With Mask
pic-314.jpg,With Mask
pic-49.jpg,With Mask
pic-499.jpg,With Mask
pic-75.jpg,With Mask
pic-61.jpg,With Mask
pic-77.jpg,With Mask
pic-63.jpg,With Mask
pic-464.jpg,With Mask
pic-302.jpg,With Mask
pic-316.jpg,With Mask
pic-470.jpg,With Mask
pic-88.jpg,With Mask
pic-458.jpg,With Mask
pic-100.jpg,With Mask
pic-666.jpg,With Mask
pic-672.jpg,With Mask
pic-114.jpg,With Mask
pic-128.jpg,With Mask
pic-289.jpg,With Mask
pic-510.jpg,With Mask
pic-276.jpg,With Mask
pic-262.jpg,With Mask
pic-504.jpg,With Mask
pic-538.jpg,With Mask
pic-539.jpg,With Mask
pic-263.jpg,With Mask
pic-505.jpg,With Mask
pic-511.jpg,With Mask
pic-277.jpg,With Mask
pic-288.jpg,With Mask
pic-129.jpg,With Mask
pic-673.jpg,With Mask
pic-115.jpg,With Mask
pic-101.jpg,With Mask
pic-667.jpg,With Mask
pic-459.jpg,With Mask
pic-89.jpg,With Mask
pic-317.jpg,With Mask
pic-471.jpg,With Mask
pic-465.jpg,With Mask
pic-303.jpg,With Mask
pic-62.jpg,With Mask
pic-76.jpg,With Mask
pic-39.jpg,With Mask
pic-11.jpg,With Mask
pic-358.jpg,With Mask
pic-402.jpg,With Mask
pic-364.jpg,With Mask
pic-370.jpg,With Mask
pic-416.jpg,With Mask
pic-199.jpg,With Mask
pic-628.jpg,With Mask
pic-166.jpg,With Mask
pic-600.jpg,With Mask
pic-614.jpg,With Mask
pic-172.jpg,With Mask
pic-589.jpg,With Mask
pic-238.jpg,With Mask
pic-576.jpg,With Mask
pic-210.jpg,With Mask
pic-204.jpg,With Mask
pic-562.jpg,With Mask
pic-205.jpg,With Mask
pic-563.jpg,With Mask
pic-577.jpg,With Mask
pic-211.jpg,With Mask
pic-239.jpg,With Mask
pic-588.jpg,With Mask
pic-615.jpg,With Mask
pic-173.jpg,With Mask
pic-167.jpg,With Mask
pic-601.jpg,With Mask
pic-629.jpg,With Mask
pic-198.jpg,With Mask
pic-371.jpg,With Mask
pic-417.jpg,With Mask
pic-403.jpg,With Mask
pic-365.jpg,With Mask
pic-359.jpg,With Mask
pic-10.jpg,With Mask
pic-38.jpg,With Mask
pic-398.jpg,With Mask
pic-12.jpg,With Mask
pic-429.jpg,With Mask
pic-415.jpg,With Mask
pic-373.jpg,With Mask
pic-367.jpg,With Mask
pic-401.jpg,With Mask
pic-159.jpg,With Mask
pic-171.jpg,With Mask
pic-617.jpg,With Mask
pic-603.jpg,With Mask
pic-165.jpg,With Mask
pic-549.jpg,With Mask
pic-561.jpg,With Mask
pic-207.jpg,With Mask
pic-213.jpg,With Mask
pic-575.jpg,With Mask
pic-212.jpg,With Mask
pic-574.jpg,With Mask
pic-560.jpg,With Mask
pic-206.jpg,With Mask
pic-548.jpg,With Mask
pic-602.jpg,With Mask
pic-164.jpg,With Mask
pic-170.jpg,With Mask
pic-616.jpg,With Mask
pic-158.jpg,With Mask
pic-366.jpg,With Mask
pic-400.jpg,With Mask
pic-414.jpg,With Mask
pic-372.jpg,With Mask
pic-428.jpg,With Mask
pic-13.jpg,With Mask
pic-399.jpg,With Mask
pic-17.jpg,With Mask
pic-389.jpg,With Mask
pic-376.jpg,With Mask
pic-410.jpg,With Mask
pic-404.jpg,With Mask
pic-362.jpg,With Mask
pic-438.jpg,With Mask
pic-612.jpg,With Mask
pic-174.jpg,With Mask
pic-160.jpg,With Mask
pic-606.jpg,With Mask
pic-148.jpg,With Mask
pic-202.jpg,With Mask
pic-564.jpg,With Mask
pic-570.jpg,With Mask
pic-216.jpg,With Mask
pic-558.jpg,With Mask
pic-559.jpg,With Mask
pic-571.jpg,With Mask
pic-217.jpg,With Mask
pic-203.jpg,With Mask
pic-565.jpg,With Mask
pic-149.jpg,With Mask
pic-161.jpg,With Mask
pic-607.jpg,With Mask
pic-613.jpg,With Mask
pic-175.jpg,With Mask
pic-439.jpg,With Mask
pic-405.jpg,With Mask
pic-363.jpg,With Mask
pic-377.jpg,With Mask
pic-411.jpg,With Mask
pic-388.jpg,With Mask
pic-16.jpg,With Mask
pic-14.jpg,With Mask
pic-28.jpg,With Mask
pic-361.jpg,With Mask
pic-407.jpg,With Mask
pic-413.jpg,With Mask
pic-375.jpg,With Mask
pic-349.jpg,With Mask
pic-188.jpg,With Mask
pic-605.jpg,With Mask
pic-163.jpg,With Mask
pic-177.jpg,With Mask
pic-611.jpg,With Mask
pic-639.jpg,With Mask
pic-598.jpg,With Mask
pic-215.jpg,With Mask
pic-573.jpg,With Mask
pic-567.jpg,With Mask
pic-201.jpg,With Mask
pic-229.jpg,With Mask
pic-228.jpg,With Mask
pic-566.jpg,With Mask
pic-200.jpg,With Mask
pic-214.jpg,With Mask
pic-572.jpg,With Mask
pic-599.jpg,With Mask
pic-638.jpg,With Mask
pic-176.jpg,With Mask
pic-610.jpg,With Mask
pic-604.jpg,With Mask
pic-162.jpg,With Mask
pic-189.jpg,With Mask
pic-348.jpg,With Mask
pic-412.jpg,With Mask
pic-374.jpg,With Mask
pic-360.jpg,With Mask
pic-406.jpg,With Mask
pic-29.jpg,With Mask
pic-15.jpg,With Mask
pic-18.jpg,With Mask
pic-30.jpg,With Mask
pic-386.jpg,With Mask
pic-392.jpg,With Mask
pic-24.jpg,With Mask
pic-379.jpg,With Mask
pic-423.jpg,With Mask
pic-345.jpg,With Mask
pic-351.jpg,With Mask
pic-437.jpg,With Mask
pic-184.jpg,With Mask
pic-190.jpg,With Mask
pic-609.jpg,With Mask
pic-147.jpg,With Mask
pic-621.jpg,With Mask
pic-635.jpg,With Mask
pic-153.jpg,With Mask
pic-594.jpg,With Mask
pic-580.jpg,With Mask
pic-219.jpg,With Mask
pic-557.jpg,With Mask
pic-231.jpg,With Mask
pic-225.jpg,With Mask
pic-543.jpg,With Mask
pic-224.jpg,With Mask
pic-542.jpg,With Mask
pic-556.jpg,With Mask
pic-230.jpg,With Mask
pic-218.jpg,With Mask
pic-581.jpg,With Mask
pic-595.jpg,With Mask
pic-634.jpg,With Mask
pic-152.jpg,With Mask
pic-146.jpg,With Mask
pic-620.jpg,With Mask
pic-608.jpg,With Mask
pic-191.jpg,With Mask
pic-185.jpg,With Mask
pic-350.jpg,With Mask
pic-436.jpg,With Mask
pic-422.jpg,With Mask
pic-344.jpg,With Mask
pic-378.jpg,With Mask
pic-393.jpg,With Mask
pic-25.jpg,With Mask
pic-31.jpg,With Mask
pic-387.jpg,With Mask
pic-19.jpg,With Mask
pic-27.jpg,With Mask
pic-391.jpg,With Mask
pic-385.jpg,With Mask
pic-33.jpg,With Mask
pic-408.jpg,With Mask
pic-434.jpg,With Mask
pic-352.jpg,With Mask
pic-346.jpg,With Mask
pic-420.jpg,With Mask
pic-193.jpg,With Mask
pic-187.jpg,With Mask
pic-178.jpg,With Mask
pic-150.jpg,With Mask
pic-636.jpg,With Mask
pic-622.jpg,With Mask
pic-144.jpg,With Mask
pic-583.jpg,With Mask
pic-597.jpg,With Mask
pic-568.jpg,With Mask
pic-540.jpg,With Mask
pic-226.jpg,With Mask
pic-232.jpg,With Mask
pic-554.jpg,With Mask
pic-233.jpg,With Mask
pic-555.jpg,With Mask
pic-541.jpg,With Mask
pic-227.jpg,With Mask
pic-569.jpg,With Mask
pic-596.jpg,With Mask
pic-582.jpg,With Mask
pic-623.jpg,With Mask
pic-145.jpg,With Mask
pic-151.jpg,With Mask
pic-637.jpg,With Mask
pic-179.jpg,With Mask
pic-186.jpg,With Mask
pic-192.jpg,With Mask
pic-347.jpg,With Mask
pic-421.jpg,With Mask
pic-435.jpg,With Mask
pic-353.jpg,With Mask
pic-409.jpg,With Mask
pic-384.jpg,With Mask
pic-32.jpg,With Mask
pic-26.jpg,With Mask
pic-390.jpg,With Mask
pic-394.jpg,With Mask
pic-22.jpg,With Mask
pic-36.jpg,With Mask
pic-380.jpg,With Mask
pic-357.jpg,With Mask
pic-431.jpg,With Mask
pic-425.jpg,With Mask
pic-343.jpg,With Mask
pic-419.jpg,With Mask
pic-196.jpg,With Mask
pic-182.jpg,With Mask
pic-633.jpg,With Mask
pic-155.jpg,With Mask
pic-141.jpg,With Mask
pic-627.jpg,With Mask
pic-169.jpg,With Mask
pic-586.jpg,With Mask
pic-592.jpg,With Mask
pic-223.jpg,With Mask
pic-545.jpg,With Mask
pic-551.jpg,With Mask
pic-237.jpg,With Mask
pic-579.jpg,With Mask
pic-578.jpg,With Mask
pic-550.jpg,With Mask
pic-236.jpg,With Mask
pic-222.jpg,With Mask
pic-544.jpg,With Mask
pic-593.jpg,With Mask
pic-587.jpg,With Mask
pic-168.jpg,With Mask
pic-140.jpg,With Mask
pic-626.jpg,With Mask
pic-632.jpg,With Mask
pic-154.jpg,With Mask
pic-183.jpg,With Mask
pic-197.jpg,With Mask
pic-418.jpg,With Mask
pic-424.jpg,With Mask
pic-342.jpg,With Mask
pic-356.jpg,With Mask
pic-430.jpg,With Mask
pic-37.jpg,With Mask
pic-381.jpg,With Mask
pic-395.jpg,With Mask
pic-23.jpg,With Mask
pic-383.jpg,With Mask
pic-35.jpg,With Mask
pic-21.jpg,With Mask
pic-397.jpg,With Mask
pic-340.jpg,With Mask
pic-426.jpg,With Mask
pic-432.jpg,With Mask
pic-354.jpg,With Mask
pic-368.jpg,With Mask
pic-181.jpg,With Mask
pic-195.jpg,With Mask
pic-624.jpg,With Mask
pic-142.jpg,With Mask
pic-156.jpg,With Mask
pic-630.jpg,With Mask
pic-618.jpg,With Mask
pic-591.jpg,With Mask
pic-585.jpg,With Mask
pic-234.jpg,With Mask
pic-552.jpg,With Mask
pic-546.jpg,With Mask
pic-220.jpg,With Mask
pic-208.jpg,With Mask
pic-209.jpg,With Mask
pic-547.jpg,With Mask
pic-221.jpg,With Mask
pic-235.jpg,With Mask
pic-553.jpg,With Mask
pic-584.jpg,With Mask
pic-590.jpg,With Mask
pic-619.jpg,With Mask
pic-157.jpg,With Mask
pic-631.jpg,With Mask
pic-625.jpg,With Mask
pic-143.jpg,With Mask
pic-194.jpg,With Mask
pic-180.jpg,With Mask
pic-369.jpg,With Mask
pic-433.jpg,With Mask
pic-355.jpg,With Mask
pic-341.jpg,With Mask
pic-427.jpg,With Mask
pic-20.jpg,With Mask
pic-396.jpg,With Mask
pic-382.jpg,With Mask
pic-34.jpg,With Mask
pic-483.jpg,With Mask
pic-53.jpg,With Mask
pic-497.jpg,With Mask
pic-47.jpg,With Mask
pic-468.jpg,With Mask
pic-7.jpg,With Mask
pic-326.jpg,With Mask
pic-440.jpg,With Mask
pic-90.jpg,With Mask
pic-454.jpg,With Mask
pic-84.jpg,With Mask
pic-332.jpg,With Mask
pic-681.jpg,With Mask
pic-118.jpg,With Mask
pic-642.jpg,With Mask
pic-124.jpg,With Mask
pic-130.jpg,With Mask
pic-656.jpg,With Mask
pic-291.jpg,With Mask
pic-285.jpg,With Mask
pic-508.jpg,With Mask
pic-252.jpg,With Mask
pic-534.jpg,With Mask
pic-520.jpg,With Mask
pic-246.jpg,With Mask
pic-521.jpg,With Mask
pic-247.jpg,With Mask
pic-253.jpg,With Mask
pic-535.jpg,With Mask
pic-509.jpg,With Mask
pic-284.jpg,With Mask
pic-290.jpg,With Mask
pic-131.jpg,With Mask
pic-657.jpg,With Mask
pic-643.jpg,With Mask
pic-125.jpg,With Mask
pic-119.jpg,With Mask
pic-680.jpg,With Mask
pic-85.jpg,With Mask
pic-455.jpg,With Mask
pic-333.jpg,With Mask
pic-327.jpg,With Mask
pic-91.jpg,With Mask
pic-441.jpg,With Mask
pic-469.jpg,With Mask
pic-6.jpg,With Mask
pic-46.jpg,With Mask
pic-496.jpg,With Mask
pic-52.jpg,With Mask
pic-482.jpg,With Mask
pic-78.jpg,With Mask
pic-44.jpg,With Mask
pic-494.jpg,With Mask
pic-50.jpg,With Mask
pic-480.jpg,With Mask
pic-4.jpg,With Mask
pic-319.jpg,With Mask
pic-331.jpg,With Mask
pic-87.jpg,With Mask
pic-457.jpg,With Mask
pic-93.jpg,With Mask
pic-443.jpg,With Mask
pic-325.jpg,With Mask
pic-682.jpg,With Mask
pic-669.jpg,With Mask
pic-655.jpg,With Mask
pic-133.jpg,With Mask
pic-127.jpg,With Mask
pic-641.jpg,With Mask
pic-286.jpg,With Mask
pic-292.jpg,With Mask
pic-279.jpg,With Mask
pic-245.jpg,With Mask
pic-523.jpg,With Mask
pic-537.jpg,With Mask
pic-251.jpg,With Mask
pic-536.jpg,With Mask
pic-250.jpg,With Mask
pic-244.jpg,With Mask
pic-522.jpg,With Mask
pic-278.jpg,With Mask
pic-293.jpg,With Mask
pic-287.jpg,With Mask
pic-126.jpg,With Mask
pic-640.jpg,With Mask
pic-654.jpg,With Mask
pic-132.jpg,With Mask
pic-668.jpg,With Mask
pic-683.jpg,With Mask
pic-442.jpg,With Mask
pic-92.jpg,With Mask
pic-324.jpg,With Mask
pic-330.jpg,With Mask
pic-456.jpg,With Mask
pic-86.jpg,With Mask
pic-318.jpg,With Mask
pic-5.jpg,With Mask
pic-481.jpg,With Mask
pic-51.jpg,With Mask
pic-495.jpg,With Mask
pic-45.jpg,With Mask
pic-79.jpg,With Mask
pic-41.jpg,With Mask
pic-491.jpg,With Mask
pic-55.jpg,With Mask
pic-485.jpg,With Mask
pic-69.jpg,With Mask
pic-82.jpg,With Mask
pic-452.jpg,With Mask
pic-334.jpg,With Mask
pic-320.jpg,With Mask
pic-96.jpg,With Mask
pic-446.jpg,With Mask
pic-1.jpg,With Mask
pic-308.jpg,With Mask
pic-687.jpg,With Mask
pic-136.jpg,With Mask
pic-650.jpg,With Mask
pic-644.jpg,With Mask
pic-122.jpg,With Mask
pic-678.jpg,With Mask
pic-283.jpg,With Mask
pic-297.jpg,With Mask
pic-526.jpg,With Mask
pic-240.jpg,With Mask
pic-254.jpg,With Mask
pic-532.jpg,With Mask
pic-268.jpg,With Mask
pic-269.jpg,With Mask
pic-255.jpg,With Mask
pic-533.jpg,With Mask
pic-527.jpg,With Mask
pic-241.jpg,With Mask
pic-296.jpg,With Mask
pic-282.jpg,With Mask
pic-679.jpg,With Mask
pic-645.jpg,With Mask
pic-123.jpg,With Mask
pic-137.jpg,With Mask
pic-651.jpg,With Mask
pic-686.jpg,With Mask
pic-309.jpg,With Mask
pic-321.jpg,With Mask
pic-447.jpg,With Mask
pic-97.jpg,With Mask
pic-453.jpg,With Mask
pic-83.jpg,With Mask
pic-335.jpg,With Mask
pic-68.jpg,With Mask
pic-484.jpg,With Mask
pic-54.jpg,With Mask
pic-490.jpg,With Mask
pic-40.jpg,With Mask
pic-486.jpg,With Mask
pic-56.jpg,With Mask
pic-492.jpg,With Mask
pic-42.jpg,With Mask
pic-445.jpg,With Mask
pic-95.jpg,With Mask
pic-323.jpg,With Mask
pic-337.jpg,With Mask
pic-451.jpg,With Mask
pic-81.jpg,With Mask
pic-479.jpg,With Mask
pic-2.jpg,With Mask
pic-684.jpg,With Mask
pic-690.jpg,With Mask
pic-121.jpg,With Mask
pic-647.jpg,With Mask
pic-653.jpg,With Mask
pic-135.jpg,With Mask
pic-109.jpg,With Mask
pic-294.jpg,With Mask
pic-280.jpg,With Mask
pic-531.jpg,With Mask
pic-257.jpg,With Mask
pic-243.jpg,With Mask
pic-525.jpg,With Mask
pic-519.jpg,With Mask
pic-518.jpg,With Mask
pic-242.jpg,With Mask
pic-524.jpg,With Mask
pic-530.jpg,With Mask
pic-256.jpg,With Mask
pic-281.jpg,With Mask
pic-295.jpg,With Mask
pic-108.jpg,With Mask
pic-652.jpg,With Mask
pic-134.jpg,With Mask
pic-120.jpg,With Mask
pic-646.jpg,With Mask
pic-685.jpg,With Mask
pic-3.jpg,With Mask
pic-478.jpg,With Mask
pic-336.jpg,With Mask
pic-80.jpg,With Mask
pic-450.jpg,With Mask
pic-94.jpg,With Mask
pic-444.jpg,With Mask
pic-322.jpg,With Mask
pic-43.jpg,With Mask
pic-493.jpg,With Mask
pic-57.jpg,With Mask
pic-487.jpg,With Mask
pic-1161.jpg,Without Mask
pic-1175.jpg,Without Mask
pic-1149.jpg,Without Mask
pic-844.jpg,Without Mask
pic-1363.jpg,Without Mask
pic-1377.jpg,Without Mask
pic-850.jpg,Without Mask
pic-878.jpg,Without Mask
pic-887.jpg,Without Mask
pic-893.jpg,Without Mask
pic-930.jpg,Without Mask
pic-1217.jpg,Without Mask
pic-1203.jpg,Without Mask
pic-924.jpg,Without Mask
pic-918.jpg,Without Mask
pic-717.jpg,Without Mask
pic-703.jpg,Without Mask
pic-1015.jpg,Without Mask
pic-1001.jpg,Without Mask
pic-1029.jpg,Without Mask
pic-1028.jpg,Without Mask
pic-1000.jpg,Without Mask
pic-1014.jpg,Without Mask
pic-702.jpg,Without Mask
pic-716.jpg,Without Mask
pic-919.jpg,Without Mask
pic-1202.jpg,Without Mask
pic-925.jpg,Without Mask
pic-931.jpg,Without Mask
pic-1216.jpg,Without Mask
pic-892.jpg,Without Mask
pic-886.jpg,Without Mask
pic-879.jpg,Without Mask
pic-1376.jpg,Without Mask
pic-851.jpg,Without Mask
pic-845.jpg,Without Mask
pic-1362.jpg,Without Mask
pic-1148.jpg,Without Mask
pic-1174.jpg,Without Mask
pic-1160.jpg,Without Mask
pic-1176.jpg,Without Mask
pic-1162.jpg,Without Mask
pic-1189.jpg,Without Mask
pic-853.jpg,Without Mask
pic-1374.jpg,Without Mask
pic-1360.jpg,Without Mask
pic-847.jpg,Without Mask
pic-1348.jpg,Without Mask
pic-890.jpg,Without Mask
pic-884.jpg,Without Mask
pic-927.jpg,Without Mask
pic-1200.jpg,Without Mask
pic-1214.jpg,Without Mask
pic-933.jpg,Without Mask
pic-1228.jpg,Without Mask
pic-728.jpg,Without Mask
pic-700.jpg,Without Mask
pic-714.jpg,Without Mask
pic-1002.jpg,Without Mask
pic-1016.jpg,Without Mask
pic-1017.jpg,Without Mask
pic-1003.jpg,Without Mask
pic-715.jpg,Without Mask
pic-701.jpg,Without Mask
pic-729.jpg,Without Mask
pic-1229.jpg,Without Mask
pic-1215.jpg,Without Mask
pic-932.jpg,Without Mask
pic-926.jpg,Without Mask
pic-1201.jpg,Without Mask
pic-885.jpg,Without Mask
pic-891.jpg,Without Mask
pic-1349.jpg,Without Mask
pic-1361.jpg,Without Mask
pic-846.jpg,Without Mask
pic-852.jpg,Without Mask
pic-1375.jpg,Without Mask
pic-1188.jpg,Without Mask
pic-1163.jpg,Without Mask
pic-1177.jpg,Without Mask
pic-1173.jpg,Without Mask
pic-1167.jpg,Without Mask
pic-1198.jpg,Without Mask
pic-1359.jpg,Without Mask
pic-1371.jpg,Without Mask
pic-856.jpg,Without Mask
pic-842.jpg,Without Mask
pic-1365.jpg,Without Mask
pic-895.jpg,Without Mask
pic-881.jpg,Without Mask
pic-1239.jpg,Without Mask
pic-1205.jpg,Without Mask
pic-922.jpg,Without Mask
pic-936.jpg,Without Mask
pic-1211.jpg,Without Mask
pic-705.jpg,Without Mask
pic-711.jpg,Without Mask
pic-739.jpg,Without Mask
pic-1007.jpg,Without Mask
pic-1013.jpg,Without Mask
pic-1012.jpg,Without Mask
pic-1006.jpg,Without Mask
pic-738.jpg,Without Mask
pic-710.jpg,Without Mask
pic-704.jpg,Without Mask
pic-937.jpg,Without Mask
pic-1210.jpg,Without Mask
pic-1204.jpg,Without Mask
pic-923.jpg,Without Mask
pic-1238.jpg,Without Mask
pic-880.jpg,Without Mask
pic-894.jpg,Without Mask
pic-843.jpg,Without Mask
pic-1364.jpg,Without Mask
pic-1370.jpg,Without Mask
pic-857.jpg,Without Mask
pic-1358.jpg,Without Mask
pic-1199.jpg,Without Mask
pic-1166.jpg,Without Mask
pic-1172.jpg,Without Mask
pic-1158.jpg,Without Mask
pic-1164.jpg,Without Mask
pic-1170.jpg,Without Mask
pic-869.jpg,Without Mask
pic-1366.jpg,Without Mask
pic-841.jpg,Without Mask
pic-699.jpg,Without Mask
pic-855.jpg,Without Mask
pic-1372.jpg,Without Mask
pic-882.jpg,Without Mask
pic-896.jpg,Without Mask
pic-909.jpg,Without Mask
pic-1212.jpg,Without Mask
pic-935.jpg,Without Mask
pic-921.jpg,Without Mask
pic-1206.jpg,Without Mask
pic-712.jpg,Without Mask
pic-706.jpg,Without Mask
pic-1038.jpg,Without Mask
pic-1010.jpg,Without Mask
pic-1004.jpg,Without Mask
pic-1005.jpg,Without Mask
pic-1011.jpg,Without Mask
pic-1039.jpg,Without Mask
pic-707.jpg,Without Mask
pic-713.jpg,Without Mask
pic-920.jpg,Without Mask
pic-1207.jpg,Without Mask
pic-1213.jpg,Without Mask
pic-934.jpg,Without Mask
pic-908.jpg,Without Mask
pic-897.jpg,Without Mask
pic-883.jpg,Without Mask
pic-854.jpg,Without Mask
pic-1373.jpg,Without Mask
pic-1367.jpg,Without Mask
pic-698.jpg,Without Mask
pic-840.jpg,Without Mask
pic-868.jpg,Without Mask
pic-1171.jpg,Without Mask
pic-1165.jpg,Without Mask
pic-1159.jpg,Without Mask
pic-1102.jpg,Without Mask
pic-1116.jpg,Without Mask
pic-1300.jpg,Without Mask
pic-827.jpg,Without Mask
pic-833.jpg,Without Mask
pic-1314.jpg,Without Mask
pic-1328.jpg,Without Mask
pic-1274.jpg,Without Mask
pic-953.jpg,Without Mask
pic-947.jpg,Without Mask
pic-1260.jpg,Without Mask
pic-1248.jpg,Without Mask
pic-990.jpg,Without Mask
pic-748.jpg,Without Mask
pic-984.jpg,Without Mask
pic-774.jpg,Without Mask
pic-760.jpg,Without Mask
pic-1076.jpg,Without Mask
pic-1062.jpg,Without Mask
pic-1089.jpg,Without Mask
pic-1088.jpg,Without Mask
pic-1063.jpg,Without Mask
pic-1077.jpg,Without Mask
pic-761.jpg,Without Mask
pic-775.jpg,Without Mask
pic-985.jpg,Without Mask
pic-749.jpg,Without Mask
pic-991.jpg,Without Mask
pic-1249.jpg,Without Mask
pic-946.jpg,Without Mask
pic-1261.jpg,Without Mask
pic-1275.jpg,Without Mask
pic-952.jpg,Without Mask
pic-1329.jpg,Without Mask
pic-832.jpg,Without Mask
pic-1315.jpg,Without Mask
pic-1301.jpg,Without Mask
pic-826.jpg,Without Mask
pic-1117.jpg,Without Mask
pic-1103.jpg,Without Mask
pic-1115.jpg,Without Mask
pic-1101.jpg,Without Mask
pic-1129.jpg,Without Mask
pic-1317.jpg,Without Mask
pic-830.jpg,Without Mask
pic-824.jpg,Without Mask
pic-1303.jpg,Without Mask
pic-818.jpg,Without Mask
pic-1263.jpg,Without Mask
pic-944.jpg,Without Mask
pic-788.jpg,Without Mask
pic-950.jpg,Without Mask
pic-1277.jpg,Without Mask
pic-978.jpg,Without Mask
pic-987.jpg,Without Mask
pic-993.jpg,Without Mask
pic-763.jpg,Without Mask
pic-777.jpg,Without Mask
pic-1288.jpg,Without Mask
pic-1061.jpg,Without Mask
pic-1075.jpg,Without Mask
pic-1049.jpg,Without Mask
pic-1048.jpg,Without Mask
pic-1074.jpg,Without Mask
pic-1060.jpg,Without Mask
pic-776.jpg,Without Mask
pic-1289.jpg,Without Mask
pic-762.jpg,Without Mask
pic-992.jpg,Without Mask
pic-986.jpg,Without Mask
pic-979.jpg,Without Mask
pic-951.jpg,Without Mask
pic-1276.jpg,Without Mask
pic-1262.jpg,Without Mask
pic-945.jpg,Without Mask
pic-819.jpg,Without Mask
pic-825.jpg,Without Mask
pic-1302.jpg,Without Mask
pic-1316.jpg,Without Mask
pic-831.jpg,Without Mask
pic-1128.jpg,Without Mask
pic-1100.jpg,Without Mask
pic-1114.jpg,Without Mask
pic-1138.jpg,Without Mask
pic-1110.jpg,Without Mask
pic-1104.jpg,Without Mask
pic-809.jpg,Without Mask
pic-835.jpg,Without Mask
pic-1312.jpg,Without Mask
pic-1306.jpg,Without Mask
pic-821.jpg,Without Mask
pic-969.jpg,Without Mask
pic-799.jpg,Without Mask
pic-941.jpg,Without Mask
pic-1266.jpg,Without Mask
pic-1272.jpg,Without Mask
pic-955.jpg,Without Mask
pic-766.jpg,Without Mask
pic-1299.jpg,Without Mask
pic-772.jpg,Without Mask
pic-982.jpg,Without Mask
pic-996.jpg,Without Mask
pic-1058.jpg,Without Mask
pic-1064.jpg,Without Mask
pic-1070.jpg,Without Mask
pic-1071.jpg,Without Mask
pic-1065.jpg,Without Mask
pic-1059.jpg,Without Mask
pic-997.jpg,Without Mask
pic-983.jpg,Without Mask
pic-773.jpg,Without Mask
pic-767.jpg,Without Mask
pic-1298.jpg,Without Mask
pic-1273.jpg,Without Mask
pic-954.jpg,Without Mask
pic-940.jpg,Without Mask
pic-798.jpg,Without Mask
pic-1267.jpg,Without Mask
pic-968.jpg,Without Mask
pic-1307.jpg,Without Mask
pic-820.jpg,Without Mask
pic-834.jpg,Without Mask
pic-1313.jpg,Without Mask
pic-808.jpg,Without Mask
pic-1105.jpg,Without Mask
pic-1111.jpg,Without Mask
pic-1139.jpg,Without Mask
pic-1107.jpg,Without Mask
pic-1113.jpg,Without Mask
pic-1339.jpg,Without Mask
pic-822.jpg,Without Mask
pic-1305.jpg,Without Mask
pic-1311.jpg,Without Mask
pic-836.jpg,Without Mask
pic-1259.jpg,Without Mask
pic-956.jpg,Without Mask
pic-1271.jpg,Without Mask
pic-1265.jpg,Without Mask
pic-942.jpg,Without Mask
pic-771.jpg,Without Mask
pic-765.jpg,Without Mask
pic-995.jpg,Without Mask
pic-981.jpg,Without Mask
pic-759.jpg,Without Mask
pic-1073.jpg,Without Mask
pic-1067.jpg,Without Mask
pic-1098.jpg,Without Mask
pic-1099.jpg,Without Mask
pic-1066.jpg,Without Mask
pic-1072.jpg,Without Mask
pic-758.jpg,Without Mask
pic-980.jpg,Without Mask
pic-994.jpg,Without Mask
pic-764.jpg,Without Mask
pic-770.jpg,Without Mask
pic-1264.jpg,Without Mask
pic-943.jpg,Without Mask
pic-957.jpg,Without Mask
pic-1270.jpg,Without Mask
pic-1258.jpg,Without Mask
pic-1310.jpg,Without Mask
pic-837.jpg,Without Mask
pic-823.jpg,Without Mask
pic-1304.jpg,Without Mask
pic-1338.jpg,Without Mask
pic-1112.jpg,Without Mask
pic-1106.jpg,Without Mask
pic-1123.jpg,Without Mask
pic-1137.jpg,Without Mask
pic-1321.jpg,Without Mask
pic-806.jpg,Without Mask
pic-812.jpg,Without Mask
pic-1335.jpg,Without Mask
pic-1309.jpg,Without Mask
pic-1255.jpg,Without Mask
pic-972.jpg,Without Mask
pic-966.jpg,Without Mask
pic-1241.jpg,Without Mask
pic-1269.jpg,Without Mask
pic-796.jpg,Without Mask
pic-782.jpg,Without Mask
pic-1296.jpg,Without Mask
pic-769.jpg,Without Mask
pic-1282.jpg,Without Mask
pic-755.jpg,Without Mask
pic-999.jpg,Without Mask
pic-741.jpg,Without Mask
pic-1057.jpg,Without Mask
pic-1043.jpg,Without Mask
pic-1094.jpg,Without Mask
pic-1080.jpg,Without Mask
pic-1081.jpg,Without Mask
pic-1095.jpg,Without Mask
pic-1042.jpg,Without Mask
pic-1056.jpg,Without Mask
pic-740.jpg,Without Mask
pic-998.jpg,Without Mask
pic-754.jpg,Without Mask
pic-1283.jpg,Without Mask
pic-1297.jpg,Without Mask
pic-768.jpg,Without Mask
pic-783.jpg,Without Mask
pic-1268.jpg,Without Mask
pic-797.jpg,Without Mask
pic-967.jpg,Without Mask
pic-1240.jpg,Without Mask
pic-1254.jpg,Without Mask
pic-973.jpg,Without Mask
pic-1308.jpg,Without Mask
pic-813.jpg,Without Mask
pic-1334.jpg,Without Mask
pic-1320.jpg,Without Mask
pic-807.jpg,Without Mask
pic-1136.jpg,Without Mask
pic-1122.jpg,Without Mask
pic-1134.jpg,Without Mask
pic-1120.jpg,Without Mask
pic-1108.jpg,Without Mask
pic-1336.jpg,Without Mask
pic-811.jpg,Without Mask
pic-805.jpg,Without Mask
pic-1322.jpg,Without Mask
pic-839.jpg,Without Mask
pic-1242.jpg,Without Mask
pic-965.jpg,Without Mask
pic-971.jpg,Without Mask
pic-1256.jpg,Without Mask
pic-781.jpg,Without Mask
pic-959.jpg,Without Mask
pic-795.jpg,Without Mask
pic-1281.jpg,Without Mask
pic-1295.jpg,Without Mask
pic-742.jpg,Without Mask
pic-756.jpg,Without Mask
pic-1040.jpg,Without Mask
pic-1054.jpg,Without Mask
pic-1068.jpg,Without Mask
pic-1083.jpg,Without Mask
pic-1097.jpg,Without Mask
pic-1096.jpg,Without Mask
pic-1082.jpg,Without Mask
pic-1069.jpg,Without Mask
pic-1055.jpg,Without Mask
pic-1041.jpg,Without Mask
pic-757.jpg,Without Mask
pic-743.jpg,Without Mask
pic-1294.jpg,Without Mask
pic-1280.jpg,Without Mask
pic-794.jpg,Without Mask
pic-958.jpg,Without Mask
pic-780.jpg,Without Mask
pic-970.jpg,Without Mask
pic-1257.jpg,Without Mask
pic-1243.jpg,Without Mask
pic-964.jpg,Without Mask
pic-838.jpg,Without Mask
pic-804.jpg,Without Mask
pic-1323.jpg,Without Mask
pic-1337.jpg,Without Mask
pic-810.jpg,Without Mask
pic-1109.jpg,Without Mask
pic-1121.jpg,Without Mask
pic-1135.jpg,Without Mask
pic-1119.jpg,Without Mask
pic-1131.jpg,Without Mask
pic-1125.jpg,Without Mask
pic-828.jpg,Without Mask
pic-814.jpg,Without Mask
pic-1333.jpg,Without Mask
pic-1327.jpg,Without Mask
pic-800.jpg,Without Mask
pic-784.jpg,Without Mask
pic-790.jpg,Without Mask
pic-948.jpg,Without Mask
pic-960.jpg,Without Mask
pic-1247.jpg,Without Mask
pic-1253.jpg,Without Mask
pic-974.jpg,Without Mask
pic-747.jpg,Without Mask
pic-753.jpg,Without Mask
pic-1284.jpg,Without Mask
pic-1290.jpg,Without Mask
pic-1079.jpg,Without Mask
pic-1045.jpg,Without Mask
pic-1051.jpg,Without Mask
pic-1086.jpg,Without Mask
pic-1092.jpg,Without Mask
pic-1093.jpg,Without Mask
pic-1087.jpg,Without Mask
pic-1050.jpg,Without Mask
pic-1044.jpg,Without Mask
pic-1078.jpg,Without Mask
pic-1291.jpg,Without Mask
pic-1285.jpg,Without Mask
pic-752.jpg,Without Mask
pic-746.jpg,Without Mask
pic-1252.jpg,Without Mask
pic-975.jpg,Without Mask
pic-961.jpg,Without Mask
pic-1246.jpg,Without Mask
pic-949.jpg,Without Mask
pic-791.jpg,Without Mask
pic-785.jpg,Without Mask
pic-1326.jpg,Without Mask
pic-801.jpg,Without Mask
pic-815.jpg,Without Mask
pic-1332.jpg,Without Mask
pic-829.jpg,Without Mask
pic-1124.jpg,Without Mask
pic-1130.jpg,Without Mask
pic-1118.jpg,Without Mask
pic-1126.jpg,Without Mask
pic-1132.jpg,Without Mask
pic-1318.jpg,Without Mask
pic-803.jpg,Without Mask
pic-1324.jpg,Without Mask
pic-1330.jpg,Without Mask
pic-817.jpg,Without Mask
pic-789,Without Mask
pic-793.jpg,Without Mask
pic-1278.jpg,Without Mask
pic-787.jpg,Without Mask
pic-977.jpg,Without Mask
pic-1250.jpg,Without Mask
pic-1244.jpg,Without Mask
pic-963.jpg,Without Mask
pic-988.jpg,Without Mask
pic-750.jpg,Without Mask
pic-744.jpg,Without Mask
pic-1293.jpg,Without Mask
pic-1287.jpg,Without Mask
pic-778.jpg,Without Mask
pic-1052.jpg,Without Mask
pic-1046.jpg,Without Mask
pic-1091.jpg,Without Mask
pic-1085.jpg,Without Mask
pic-1084.jpg,Without Mask
pic-1090.jpg,Without Mask
pic-1047.jpg,Without Mask
pic-1053.jpg,Without Mask
pic-1286.jpg,Without Mask
pic-779.jpg,Without Mask
pic-1292.jpg,Without Mask
pic-745.jpg,Without Mask
pic-751.jpg,Without Mask
pic-989.jpg,Without Mask
pic-1245.jpg,Without Mask
pic-962.jpg,Without Mask
pic-976.jpg,Without Mask
pic-1251.jpg,Without Mask
pic-1279.jpg,Without Mask
pic-786.jpg,Without Mask
pic-792.jpg,Without Mask
pic-1331.jpg,Without Mask
pic-816.jpg,Without Mask
pic-802.jpg,Without Mask
pic-1325.jpg,Without Mask
pic-1319.jpg,Without Mask
pic-1133.jpg,Without Mask
pic-1127.jpg,Without Mask
pic-1140.jpg,Without Mask
pic-1154.jpg,Without Mask
pic-1168.jpg,Without Mask
pic-1183.jpg,Without Mask
pic-1197.jpg,Without Mask
pic-865.jpg,Without Mask
pic-1342.jpg,Without Mask
pic-1356.jpg,Without Mask
pic-871.jpg,Without Mask
pic-859.jpg,Without Mask
pic-695.jpg,Without Mask
pic-911.jpg,Without Mask
pic-1236.jpg,Without Mask
pic-1222.jpg,Without Mask
pic-905.jpg,Without Mask
pic-939.jpg,Without Mask
pic-736.jpg,Without Mask
pic-722.jpg,Without Mask
pic-1034.jpg,Without Mask
pic-1020.jpg,Without Mask
pic-1008.jpg,Without Mask
pic-1009.jpg,Without Mask
pic-1021.jpg,Without Mask
pic-1035.jpg,Without Mask
pic-723.jpg,Without Mask
pic-737.jpg,Without Mask
pic-938.jpg,Without Mask
pic-1223.jpg,Without Mask
pic-904.jpg,Without Mask
pic-910.jpg,Without Mask
pic-1237.jpg,Without Mask
pic-694.jpg,Without Mask
pic-858.jpg,Without Mask
pic-1357.jpg,Without Mask
pic-870.jpg,Without Mask
pic-864.jpg,Without Mask
pic-1343.jpg,Without Mask
pic-1196.jpg,Without Mask
pic-1182.jpg,Without Mask
pic-1169.jpg,Without Mask
pic-1155.jpg,Without Mask
pic-1141.jpg,Without Mask
pic-1157.jpg,Without Mask
pic-1143.jpg,Without Mask
pic-1194.jpg,Without Mask
pic-1180.jpg,Without Mask
pic-872.jpg,Without Mask
pic-1355.jpg,Without Mask
pic-1341.jpg,Without Mask
pic-866.jpg,Without Mask
pic-696.jpg,Without Mask
pic-1369.jpg,Without Mask
pic-899.jpg,Without Mask
pic-906.jpg,Without Mask
pic-1221.jpg,Without Mask
pic-1235.jpg,Without Mask
pic-912.jpg,Without Mask
pic-1209.jpg,Without Mask
pic-709.jpg,Without Mask
pic-721.jpg,Without Mask
pic-735.jpg,Without Mask
pic-1023.jpg,Without Mask
pic-1037.jpg,Without Mask
pic-1036.jpg,Without Mask
pic-1022.jpg,Without Mask
pic-734.jpg,Without Mask
pic-720.jpg,Without Mask
pic-708.jpg,Without Mask
pic-1208.jpg,Without Mask
pic-1234.jpg,Without Mask
pic-913.jpg,Without Mask
pic-907.jpg,Without Mask
pic-1220.jpg,Without Mask
pic-898.jpg,Without Mask
pic-697.jpg,Without Mask
pic-1368.jpg,Without Mask
pic-1340.jpg,Without Mask
pic-867.jpg,Without Mask
pic-873.jpg,Without Mask
pic-1354.jpg,Without Mask
pic-1181.jpg,Without Mask
pic-1195.jpg,Without Mask
pic-1142.jpg,Without Mask
pic-1156.jpg,Without Mask
pic-1152.jpg,Without Mask
pic-1146.jpg,Without Mask
pic-1191.jpg,Without Mask
pic-1185.jpg,Without Mask
pic-693.jpg,Without Mask
pic-1350.jpg,Without Mask
pic-877.jpg,Without Mask
pic-863.jpg,Without Mask
pic-1344.jpg,Without Mask
pic-888.jpg,Without Mask
pic-1218.jpg,Without Mask
pic-1224.jpg,Without Mask
pic-903.jpg,Without Mask
pic-917.jpg,Without Mask
pic-1230.jpg,Without Mask
pic-724.jpg,Without Mask
pic-730.jpg,Without Mask
pic-718.jpg,Without Mask
pic-1026.jpg,Without Mask
pic-1032.jpg,Without Mask
pic-1033.jpg,Without Mask
pic-1027.jpg,Without Mask
pic-719.jpg,Without Mask
pic-731.jpg,Without Mask
pic-725.jpg,Without Mask
pic-916.jpg,Without Mask
pic-1231.jpg,Without Mask
pic-1225.jpg,Without Mask
pic-902.jpg,Without Mask
pic-1219.jpg,Without Mask
pic-889.jpg,Without Mask
pic-862.jpg,Without Mask
pic-1345.jpg,Without Mask
pic-1351.jpg,Without Mask
pic-876.jpg,Without Mask
pic-692.jpg,Without Mask
pic-1184.jpg,Without Mask
pic-1190.jpg,Without Mask
pic-1147.jpg,Without Mask
pic-1153.jpg,Without Mask
pic-1179.jpg,Without Mask
pic-1145.jpg,Without Mask
pic-1151.jpg,Without Mask
pic-1186.jpg,Without Mask
pic-1192.jpg,Without Mask
pic-848.jpg,Without Mask
pic-1347.jpg,Without Mask
pic-860.jpg,Without Mask
pic-874.jpg,Without Mask
pic-1353.jpg,Without Mask
pic-928.jpg,Without Mask
pic-1233.jpg,Without Mask
pic-914.jpg,Without Mask
pic-900.jpg,Without Mask
pic-1227.jpg,Without Mask
pic-733.jpg,Without Mask
pic-727.jpg,Without Mask
pic-1019.jpg,Without Mask
pic-1031.jpg,Without Mask
pic-1025.jpg,Without Mask
pic-1024.jpg,Without Mask
pic-1030.jpg,Without Mask
pic-1018.jpg,Without Mask
pic-726.jpg,Without Mask
pic-732.jpg,Without Mask
pic-901.jpg,Without Mask
pic-1226.jpg,Without Mask
pic-1232.jpg,Without Mask
pic-915.jpg,Without Mask
pic-929.jpg,Without Mask
pic-875.jpg,Without Mask
pic-1352.jpg,Without Mask
pic-1346.jpg,Without Mask
pic-861.jpg,Without Mask
pic-691.jpg,Without Mask
pic-849.jpg,Without Mask
pic-1193.jpg,Without Mask
pic-1187.jpg,Without Mask
pic-1150.jpg,Without Mask
pic-1144.jpg,Without Mask
pic-1178.jpg,Without Mask
